-- phpMyAdmin SQL Dump
-- version 2.8.2.4
-- http://www.phpmyadmin.net
-- 
-- Хост: localhost:3306
-- Время создания: Сен 26 2009 г., 16:43
-- Версия сервера: 5.0.32
-- Версия PHP: 5.2.6
-- 
-- БД: `quarant_pms`
-- 

-- --------------------------------------------------------

-- 
-- Структура таблицы `accounts`
-- 
-- Создание: Сен 17 2009 г., 19:31
-- 

DROP TABLE IF EXISTS `accounts`;
CREATE TABLE IF NOT EXISTS `accounts` (
  `id` int(11) unsigned NOT NULL auto_increment,
  `login` varchar(100) NOT NULL,
  `password` varchar(32) character set utf8 collate utf8_bin NOT NULL,
  `role_id` int(11) unsigned NOT NULL,
  `name` varchar(255) default NULL,
  `email` varchar(255) default NULL,
  `phone` varchar(20) default NULL,
  `state` text COMMENT 'store user interface state',
  `active` tinyint(1) NOT NULL default '1',
  `radius` tinyint(1) default '0',
  `anonymous` tinyint(1) default NULL,
  PRIMARY KEY  (`id`),
  UNIQUE KEY `login` (`login`),
  UNIQUE KEY `anonymous` (`anonymous`),
  KEY `fk_role_id` (`role_id`)
) ENGINE=InnoDB DEFAULT CHARSET=utf8 AUTO_INCREMENT=18 ;

-- 
-- Соотношения в таблице `accounts`:
--   `role_id`
--       `acl_roles` -> `id`
-- 

-- 
-- Дамп данных таблицы `accounts`
-- 

INSERT  INTO `accounts` (`id`, `login`, `password`, `role_id`, `name`, `email`, `phone`, `state`, `active`, `radius`, `anonymous`) VALUES (1, 'admin', 0x6466313234303736643931383663393239346433366237383836616361613665, 1, 'Александр Ганжа', '6486187@gmail.com', '', 'a:1:{s:21:"ca.workspace.comments";a:3:{s:7:"columns";a:5:{i:0;a:1:{s:2:"id";s:9:"ext-gen70";}i:1;a:3:{s:2:"id";i:1;s:5:"width";i:60;s:6:"hidden";b:1;}i:2;a:2:{s:2:"id";i:2;s:5:"width";i:40;}i:3;a:2:{s:2:"id";i:3;s:5:"width";i:80;}i:4;a:2:{s:2:"id";i:4;s:5:"width";i:110;}}s:4:"sort";a:2:{s:5:"field";s:15:"createddatetime";s:9:"direction";s:4:"DESC";}s:7:"filters";a:1:{s:13:"entitytype_id";a:1:{i:0;i:1;}}}}', 1, 0, NULL),
(2, 'guest', '', 2, 'Гость', NULL, NULL, NULL, 0, 0, 1),
(9, 'pavlov', 0x6138326439323262313333626531396331313731353334653635393466373534, 6, 'Станислав Павлов', 'pavlostas@yandex.ru', '+79037274417', NULL, 1, 0, NULL),
(10, 'kuznecova', 0x6331323033666664343132656466376266623739336265313862623562653337, 3, 'Татьяна Кузнецова', 'taniarv@bk.ru', '+79032433210', NULL, 1, 0, NULL),
(11, 'zaiceva', 0x6234346365663261343166616639313139303266343362376563333138316661, 3, 'Елена Зайцева', '5978033@mail.ru', '+79265978033', NULL, 1, 0, NULL),
(12, 'isaev', 0x3536616232346331356237326134353730363963356561343266636663363430, 5, 'Виктор Исаев', NULL, NULL, NULL, 1, 0, NULL),
(13, 'ioncev', 0x3633636531393237653865393238343534396136333031366137373636616365, 4, 'Иван Ионцев', NULL, NULL, NULL, 1, 0, NULL),
(14, 'Nata', 0x3838626264383635393464633130326361383632646138363466333934383135, 7, 'Наталья', 'antonjyk@rambler.ru', NULL, NULL, 1, 0, NULL),
(16, 'selyakova', 0x6661646631373134316633663963333338396431306430396462393966373537, 3, 'Елена Селякова', 'lena_jp@mail.ru', '+79268220524', NULL, 1, 0, NULL),
(17, 'skvorcov', 0x6638643037613833666666303664363135323964383363663764336663366336, 3, 'Алексей Скворцов', '89263252842@mail.ru', '+79263252842', NULL, 1, 0, NULL);

-- --------------------------------------------------------

-- 
-- Структура таблицы `acl_permissions`
-- 
-- Создание: Сен 17 2009 г., 19:31
-- 

DROP TABLE IF EXISTS `acl_permissions`;
CREATE TABLE IF NOT EXISTS `acl_permissions` (
  `id` int(11) NOT NULL auto_increment,
  `role_id` int(11) unsigned NOT NULL,
  `resource_id` int(11) unsigned NOT NULL,
  `privilege_id` tinyint(3) unsigned NOT NULL,
  PRIMARY KEY  (`id`),
  UNIQUE KEY `role_id_2` (`role_id`,`resource_id`,`privilege_id`),
  KEY `fk_role_id` (`role_id`),
  KEY `fk_resource_id` (`resource_id`)
) ENGINE=InnoDB DEFAULT CHARSET=utf8 COLLATE=utf8_unicode_ci AUTO_INCREMENT=1318 ;

-- 
-- Соотношения в таблице `acl_permissions`:
--   `role_id`
--       `acl_roles` -> `id`
--   `resource_id`
--       `acl_resources` -> `id`
-- 

-- 
-- Дамп данных таблицы `acl_permissions`
-- 

INSERT  INTO `acl_permissions` (`id`, `role_id`, `resource_id`, `privilege_id`) VALUES (1094, 1, 50, 1),
(1095, 1, 50, 2),
(1096, 1, 50, 3),
(1097, 1, 50, 4),
(1098, 1, 51, 1),
(1099, 1, 51, 2),
(1100, 1, 51, 3),
(1101, 1, 51, 4),
(1102, 1, 123, 1),
(1103, 1, 123, 2),
(1104, 1, 123, 3),
(1105, 1, 123, 4),
(1114, 1, 126, 1),
(1115, 1, 126, 2),
(1116, 1, 126, 3),
(1117, 1, 126, 4),
(1133, 1, 127, 1),
(1135, 1, 127, 2),
(1137, 1, 127, 3),
(1139, 1, 127, 4),
(1134, 1, 128, 1),
(1136, 1, 128, 2),
(1138, 1, 128, 3),
(1140, 1, 128, 4),
(1154, 1, 129, 1),
(1159, 1, 129, 2),
(1169, 1, 129, 3),
(1170, 1, 129, 4),
(1155, 1, 130, 1),
(1160, 1, 130, 2),
(1168, 1, 130, 3),
(1171, 1, 130, 4),
(1156, 1, 131, 1),
(1161, 1, 131, 2),
(1167, 1, 131, 3),
(1172, 1, 131, 4),
(1157, 1, 132, 1),
(1162, 1, 132, 2),
(1165, 1, 132, 3),
(1173, 1, 132, 4),
(1158, 1, 133, 1),
(1163, 1, 133, 2),
(1166, 1, 133, 3),
(1174, 1, 133, 4),
(1303, 1, 135, 1),
(1304, 1, 135, 2),
(1305, 1, 135, 3),
(1306, 1, 135, 4),
(1249, 3, 123, 1),
(1119, 3, 123, 2),
(1250, 3, 123, 3),
(1121, 3, 123, 4),
(1261, 3, 126, 1),
(1127, 3, 126, 2),
(1262, 3, 126, 3),
(1129, 3, 126, 4),
(1206, 3, 127, 1),
(1207, 3, 128, 1),
(1264, 3, 129, 1),
(1176, 3, 129, 2),
(1263, 3, 129, 3),
(1178, 3, 129, 4),
(1301, 3, 130, 1),
(1302, 3, 131, 1),
(1255, 3, 132, 1),
(1183, 3, 132, 2),
(1256, 3, 132, 3),
(1187, 3, 132, 4),
(1254, 3, 133, 1),
(1184, 3, 133, 2),
(1253, 3, 133, 3),
(1188, 3, 133, 4),
(1251, 3, 134, 1),
(1203, 3, 134, 2),
(1252, 3, 134, 3),
(1205, 3, 134, 4),
(1307, 3, 135, 1),
(1309, 3, 135, 2),
(1310, 3, 135, 3),
(1308, 3, 135, 4),
(1289, 4, 123, 1),
(1149, 4, 123, 3),
(1150, 4, 127, 1),
(1151, 4, 127, 2),
(1152, 4, 127, 3),
(1153, 4, 127, 4),
(1290, 4, 129, 1),
(1291, 4, 130, 1),
(1201, 4, 130, 3),
(1292, 4, 131, 1),
(1295, 4, 132, 1),
(1293, 4, 133, 1),
(1294, 4, 133, 3),
(1312, 4, 135, 1),
(1285, 5, 123, 1),
(1267, 5, 123, 3),
(1299, 5, 127, 1),
(1143, 5, 128, 1),
(1144, 5, 128, 2),
(1145, 5, 128, 3),
(1146, 5, 128, 4),
(1298, 5, 129, 1),
(1296, 5, 130, 1),
(1286, 5, 131, 1),
(1268, 5, 131, 3),
(1287, 5, 132, 1),
(1288, 5, 133, 1),
(1270, 5, 133, 3),
(1311, 5, 135, 1),
(1209, 6, 123, 1),
(1317, 6, 123, 3),
(1221, 6, 126, 1),
(1213, 6, 127, 1),
(1214, 6, 127, 2),
(1215, 6, 127, 3),
(1216, 6, 127, 4),
(1248, 6, 128, 1),
(1218, 6, 128, 2),
(1219, 6, 128, 3),
(1217, 6, 128, 4),
(1225, 6, 129, 1),
(1228, 6, 130, 1),
(1232, 6, 131, 1),
(1236, 6, 132, 1),
(1240, 6, 133, 1),
(1316, 6, 135, 1);

-- --------------------------------------------------------

-- 
-- Структура таблицы `acl_resources`
-- 
-- Создание: Сен 17 2009 г., 19:31
-- 

DROP TABLE IF EXISTS `acl_resources`;
CREATE TABLE IF NOT EXISTS `acl_resources` (
  `id` int(11) unsigned NOT NULL auto_increment,
  `name` varchar(100) character set utf8 NOT NULL,
  `parent_id` int(11) unsigned default NULL,
  PRIMARY KEY  (`id`),
  UNIQUE KEY `name` (`name`,`parent_id`),
  KEY `fk_parent_id` (`parent_id`)
) ENGINE=InnoDB DEFAULT CHARSET=utf8 COLLATE=utf8_unicode_ci AUTO_INCREMENT=136 ;

-- 
-- Соотношения в таблице `acl_resources`:
--   `parent_id`
--       `acl_resources` -> `id`
-- 

-- 
-- Дамп данных таблицы `acl_resources`
-- 

INSERT  INTO `acl_resources` (`id`, `name`, `parent_id`) VALUES (51, 'acl', 50),
(129, 'address', 123),
(50, 'admin', NULL),
(126, 'cost', 123),
(133, 'description', 123),
(131, 'mount', 123),
(123, 'orders', NULL),
(134, 'owncheck', 123),
(135, 'photos', 123),
(130, 'production', 123),
(128, 'subcontractors', NULL),
(132, 'success', 123),
(127, 'suppliers', NULL);

-- --------------------------------------------------------

-- 
-- Структура таблицы `acl_roles`
-- 
-- Создание: Сен 17 2009 г., 19:31
-- 

DROP TABLE IF EXISTS `acl_roles`;
CREATE TABLE IF NOT EXISTS `acl_roles` (
  `id` int(11) unsigned NOT NULL auto_increment,
  `name` varchar(50) character set utf8 NOT NULL,
  `alias` varchar(40) collate utf8_unicode_ci default NULL,
  PRIMARY KEY  (`id`),
  UNIQUE KEY `name` (`name`),
  UNIQUE KEY `alias` (`alias`)
) ENGINE=InnoDB DEFAULT CHARSET=utf8 COLLATE=utf8_unicode_ci AUTO_INCREMENT=8 ;

-- 
-- Дамп данных таблицы `acl_roles`
-- 

INSERT  INTO `acl_roles` (`id`, `name`, `alias`) VALUES (1, 'Директор', NULL),
(2, 'Гости', NULL),
(3, 'Менеджер', NULL),
(4, 'Производство', NULL),
(5, 'Монтаж', NULL),
(6, 'Технический директор', NULL),
(7, 'Бухгалтер', NULL);

-- --------------------------------------------------------

-- 
-- Структура таблицы `comments`
-- 
-- Создание: Сен 17 2009 г., 19:31
-- 

DROP TABLE IF EXISTS `comments`;
CREATE TABLE IF NOT EXISTS `comments` (
  `id` int(11) unsigned NOT NULL auto_increment,
  `entity_id` int(11) unsigned NOT NULL,
  `entitytype_id` int(11) NOT NULL,
  `commenttype_id` int(11) unsigned NOT NULL,
  `title` varchar(150) default NULL,
  `bodytext` longtext,
  `creator_account_id` int(11) unsigned default NULL,
  `createddatetime` datetime default NULL,
  `modified_account_id` int(11) unsigned default NULL,
  `modifieddatetime` datetime default NULL,
  `notificated_account_id` int(11) unsigned default NULL,
  `notificated_action` tinyint(1) default NULL,
  `reaction_received` datetime default NULL,
  `parent_id` int(11) unsigned default NULL,
  PRIMARY KEY  (`id`),
  KEY `fk_commenttype_id` (`commenttype_id`),
  KEY `fk_self` (`parent_id`),
  KEY `fk_creator_account_id` (`creator_account_id`),
  KEY `fk_modified_account_id` (`modified_account_id`),
  KEY `fk_notificated_account_id` (`notificated_account_id`)
) ENGINE=InnoDB DEFAULT CHARSET=utf8 AUTO_INCREMENT=1 ;

-- 
-- Соотношения в таблице `comments`:
--   `parent_id`
--       `comments` -> `id`
--   `creator_account_id`
--       `accounts` -> `id`
--   `modified_account_id`
--       `accounts` -> `id`
--   `notificated_account_id`
--       `accounts` -> `id`
-- 

-- 
-- Дамп данных таблицы `comments`
-- 


-- --------------------------------------------------------

-- 
-- Структура таблицы `files`
-- 
-- Создание: Сен 26 2009 г., 15:35
-- 

DROP TABLE IF EXISTS `files`;
CREATE TABLE IF NOT EXISTS `files` (
  `id` int(11) unsigned NOT NULL auto_increment,
  `order_id` int(11) unsigned NOT NULL default '0',
  `filename` varchar(255) NOT NULL default '',
  `description` varchar(255) default NULL,
  PRIMARY KEY  (`id`),
  KEY `order_id` (`order_id`)
) ENGINE=InnoDB DEFAULT CHARSET=utf8 AUTO_INCREMENT=30 ;

-- 
-- Соотношения в таблице `files`:
--   `order_id`
--       `orders` -> `id`
-- 

-- 
-- Дамп данных таблицы `files`
-- 

INSERT  INTO `files` (`id`, `order_id`, `filename`, `description`) VALUES (6, 39, '4a8ee28dbcdce_privazka.jpg', 'а'),
(10, 54, '4a92337325432.jpg', NULL),
(11, 45, '4a92fd8a2422a_002.jpg', NULL),
(14, 45, '4a93099d27480_001.jpg', NULL),
(16, 43, '4a950ae89310f.jpg', NULL),
(17, 44, '4a950b5b14293.jpg', NULL),
(18, 87, '4aa3849ba067d_1v.jpg', NULL),
(19, 88, '4aa3852ccba52_Klimentovskiu_zavtrak+lanch_11750x1200.jpg', NULL),
(20, 90, '4aa386cb0123b_бауманка.jpg', NULL),
(22, 100, '4aa6b202b3a24_профсоюзка.jpg', NULL),
(23, 110, '4aaa26ff5e3a4_11092009201.jpg', NULL),
(24, 110, '4aaa271066683_11092009202.jpg', NULL),
(25, 122, '4aba344d2a9c0_привязка шоко мытищи.jpg', NULL),
(28, 125, '4abc9d7677992_Тех. паспорт 2,9х31,2№45.JPG', NULL),
(29, 126, '4abca11b573a2_51.JPG', NULL);

-- --------------------------------------------------------

-- 
-- Структура таблицы `languages`
-- 
-- Создание: Сен 17 2009 г., 19:31
-- 

DROP TABLE IF EXISTS `languages`;
CREATE TABLE IF NOT EXISTS `languages` (
  `id` int(11) NOT NULL default '0',
  `abbreviation` varchar(5) default NULL,
  `caption` varchar(75) default NULL,
  PRIMARY KEY  (`id`),
  UNIQUE KEY `abbreviation` (`abbreviation`)
) ENGINE=InnoDB DEFAULT CHARSET=utf8 ROW_FORMAT=DYNAMIC;

-- 
-- Дамп данных таблицы `languages`
-- 

INSERT  INTO `languages` (`id`, `abbreviation`, `caption`) VALUES (1, 'en', 'English'),
(2, 'nl', 'Dutch');

-- --------------------------------------------------------

-- 
-- Структура таблицы `orders`
-- 
-- Создание: Сен 17 2009 г., 19:31
-- 

DROP TABLE IF EXISTS `orders`;
CREATE TABLE IF NOT EXISTS `orders` (
  `id` int(11) unsigned NOT NULL auto_increment,
  `address` text,
  `description` text,
  `production_start_planned` date default NULL,
  `production_start_fact` date default NULL,
  `production_end_planned` date default NULL,
  `production_end_fact` date default NULL,
  `mount_start_planned` date default NULL,
  `mount_start_fact` date default NULL,
  `mount_end_planned` date default NULL,
  `mount_end_fact` date default NULL,
  `success_date_planned` date default NULL,
  `success_date_fact` date default NULL,
  `cost` int(10) unsigned default NULL,
  `advanse` int(10) unsigned default NULL,
  `created` timestamp NULL default CURRENT_TIMESTAMP,
  `creator_id` int(11) unsigned NOT NULL,
  PRIMARY KEY  (`id`),
  KEY `creator_id` (`creator_id`)
) ENGINE=InnoDB DEFAULT CHARSET=utf8 AUTO_INCREMENT=128 ;

-- 
-- Соотношения в таблице `orders`:
--   `creator_id`
--       `accounts` -> `id`
-- 

-- 
-- Дамп данных таблицы `orders`
-- 

INSERT  INTO `orders` (`id`, `address`, `description`, `production_start_planned`, `production_start_fact`, `production_end_planned`, `production_end_fact`, `mount_start_planned`, `mount_start_fact`, `mount_end_planned`, `mount_end_fact`, `success_date_planned`, `success_date_fact`, `cost`, `advanse`, `created`, `creator_id`) VALUES (1, 'Cалон красоты "Воск", ул.Илимская, 4', 'Поклейка витрин, инкрустированный короб, подсветка витрин.', '2009-08-15', '2009-08-15', '2009-08-19', NULL, '2009-08-20', NULL, '2009-08-20', NULL, '2009-08-24', '2009-08-31', 200000, 100000, '2009-08-15 01:15:14', 1),
(2, 'М-ВИДЕО  Рязань, банер', NULL, '2009-08-18', NULL, '2009-08-20', NULL, '2009-08-21', NULL, '2009-08-21', '2009-08-21', '2009-08-21', '2009-08-21', 60000, NULL, '2009-08-17 22:33:12', 10),
(3, 'М-ВИДЕО Люблинская, Маг.№16', 'Замена автомата в электрощитовой', NULL, NULL, NULL, NULL, '2009-08-20', NULL, '2009-08-20', NULL, '2009-08-20', '2009-08-19', 7500, NULL, '2009-08-18 00:28:11', 10),
(5, 'Поклейка авто, Автопарк Шоколадницы', 'Пленку забрать в Фулпринте', NULL, NULL, NULL, NULL, '2009-08-19', '2009-08-19', '2009-08-19', '2009-08-19', '2009-08-19', '2009-08-19', 4800, NULL, '2009-08-18 11:42:46', 1),
(6, 'М-ВИДЕО Ремонт вывески, г.Балашиха, ТЦ Вертикаль', 'Ремонт вывески, г.Балашиха,\r\nДиагностика в четверг 20.08.09. в 8-30', NULL, NULL, NULL, NULL, '2009-08-20', NULL, NULL, '2009-08-20', '2009-08-25', '2009-08-20', NULL, NULL, '2009-08-18 11:45:10', 10),
(7, 'Техно, ул.Монтажная', 'устранение замечаний экспертизы внешней подсветки', NULL, NULL, NULL, NULL, '2009-08-25', NULL, '2009-08-28', '2009-08-28', '2009-08-28', '2009-09-28', NULL, NULL, '2009-08-18 11:47:43', 1),
(8, 'Монтаж банера Шоко, ул.Садово-Кудринская', NULL, NULL, NULL, NULL, NULL, '2009-08-19', NULL, '2009-08-20', NULL, '2009-08-20', '2009-08-20', 30000, NULL, '2009-08-18 11:51:25', 1),
(9, 'Монтаж Ситибанк, ул.Тверская', NULL, NULL, NULL, NULL, NULL, '2009-08-18', '2009-08-18', '2009-08-18', '2009-08-18', '2009-08-18', '2009-08-18', 47000, NULL, '2009-08-18 11:56:34', 1),
(10, 'ШОКО Круглый ПК , Аэропорт Домодедово', NULL, '2009-08-18', NULL, '2009-08-20', NULL, '2009-08-21', NULL, '2009-08-21', '2009-08-21', '2009-08-21', '2009-08-21', 15000, 15000, '2009-08-18 12:09:15', 10),
(16, 'Терволина 2-ая владимировская', 'Ремонт подсветки вывески', NULL, NULL, NULL, NULL, NULL, NULL, NULL, NULL, '2009-08-17', '2009-08-17', 3200, NULL, '2009-08-18 13:55:48', 10),
(18, 'Терволина ул.Первомайская', 'Ремонт контражура', NULL, NULL, NULL, NULL, NULL, NULL, NULL, NULL, '2009-08-17', '2009-08-17', 4500, NULL, '2009-08-18 13:59:32', 10),
(19, 'Терволина Теплый Стан', 'Замена преобразователя в вывеске', NULL, NULL, NULL, NULL, NULL, NULL, NULL, NULL, '2009-08-17', '2009-08-17', 5300, NULL, '2009-08-18 14:01:32', 10),
(20, 'терволина ул.Б. Дорогомиловская,1', 'Изготовление и монтаж щита над входом', NULL, NULL, NULL, NULL, NULL, NULL, NULL, NULL, '2009-08-17', '2009-08-17', 12500, NULL, '2009-08-18 14:02:55', 10),
(21, 'Терволина Б.Якимака, д.54', 'ремонт вывески', NULL, NULL, NULL, NULL, NULL, NULL, NULL, NULL, '2009-08-17', '2009-08-17', 7500, NULL, '2009-08-18 14:32:52', 10),
(22, 'Терволина Мытищи, ТЦ Перловский, ул.Селезнева, д.33', 'ремонт вывески\r\nзамена трансформаторов  3 шт. (на  24.08.09 заменено 2 шт.)', NULL, NULL, NULL, NULL, NULL, NULL, NULL, NULL, '2009-08-15', '2009-08-25', NULL, NULL, '2009-08-18 14:34:23', 10),
(23, 'Терволина Первомайская, д.66', 'ремонт', NULL, NULL, NULL, NULL, NULL, NULL, NULL, NULL, '2009-08-15', '2009-08-15', 3500, NULL, '2009-08-18 14:37:20', 10),
(25, 'Терволина Ногинск, ул.3-го интернационала,д.68', 'Ремонт вывески', NULL, NULL, NULL, NULL, NULL, NULL, NULL, NULL, '2009-08-21', '2009-08-27', NULL, NULL, '2009-08-18 14:40:00', 10),
(26, 'Терволина Реутов, Носовихинское ш., д9', 'На вывеске в слове "Терволина" не горит "ЛИНА"', NULL, NULL, NULL, NULL, NULL, NULL, NULL, NULL, '2009-08-21', '2009-08-25', NULL, NULL, '2009-08-18 14:41:11', 10),
(27, 'Терволина Измайловское шоссе, д.71А', 'мигание светового табло с логотипом « терволина', NULL, NULL, NULL, NULL, NULL, NULL, NULL, '2009-08-14', '2009-08-21', '2009-08-14', 4200, NULL, '2009-08-18 14:43:23', 10),
(28, 'Терволина бауманская 33\\2', 'банер', NULL, NULL, NULL, NULL, NULL, NULL, NULL, NULL, '2009-08-24', '2009-08-25', 14250, NULL, '2009-08-18 14:44:34', 10),
(29, 'Терволина никольская', 'ремонт', NULL, NULL, NULL, NULL, NULL, NULL, NULL, NULL, '2009-08-24', '2009-08-21', 14700, NULL, '2009-08-18 14:44:36', 10),
(30, 'ИНВЕСТПЛЮС, Площадь победы, д. 1, корп. Б.', 'Изготовление и монтаж наклеек "Аренда". 3700х1000мм - 2 шт.', NULL, NULL, NULL, NULL, NULL, NULL, NULL, NULL, '2009-08-17', '2009-08-17', 8000, NULL, '2009-08-18 14:50:57', 11),
(31, 'Терволина Домодедовская', 'болт в букве вырвало (частичный ремонт на 24.08.09), для кап. ремонта требуется вышка', NULL, NULL, NULL, NULL, NULL, NULL, NULL, NULL, '2009-08-24', '2009-09-09', NULL, NULL, '2009-08-18 14:56:19', 10),
(33, 'Терволина тц европейский площадь киевского вокзала 2', 'замена неоновой трубки', NULL, NULL, NULL, NULL, NULL, NULL, NULL, NULL, '2009-08-18', '2009-08-17', 5600, NULL, '2009-08-18 15:01:34', 10),
(34, 'М-ВИДЕО №29  ул.Садовая-Спасская,д.3,стр.3', 'замена банера над входом', NULL, NULL, NULL, NULL, NULL, NULL, NULL, NULL, '2009-08-28', '2009-08-25', NULL, NULL, '2009-08-18 15:52:38', 10),
(35, 'Николина гора, козырек над входом', NULL, NULL, NULL, NULL, NULL, NULL, NULL, NULL, '2009-08-21', '2009-08-25', '2009-08-20', 23000, 10000, '2009-08-18 15:59:04', 1),
(36, 'Шоколадница, Рублевка, 22', 'Монтаж баннера 7300х600мм - 1 шт. \r\nМонтаж наклеек 1100х900мм - 3 шт.', NULL, NULL, NULL, NULL, NULL, NULL, NULL, '2009-08-21', '2009-08-22', '2009-08-21', 7000, NULL, '2009-08-18 16:09:03', 11),
(37, 'Терволина ревизия склада', 'ревизия склада', NULL, NULL, NULL, NULL, NULL, NULL, NULL, NULL, '2009-08-21', '2009-08-24', 16000, NULL, '2009-08-18 23:07:55', 10),
(39, 'Техносила,  2-й Иртышский, д 4, стр. 1.', 'Световой банерный короб 5000х1500 мм', '2009-08-25', '2009-08-25', '2009-08-30', '2009-08-29', NULL, NULL, NULL, NULL, '2009-08-31', '2009-08-31', 47500, NULL, '2009-08-19 11:29:35', 1),
(40, 'Терволина ул.Орджоникидзе, д.11, стр.9', 'На вывеске в слове "Терволина" не горит\r\n"ЛИНА"', NULL, NULL, NULL, NULL, NULL, NULL, NULL, NULL, '2009-08-20', '2009-08-20', NULL, NULL, '2009-08-19 14:51:53', 10),
(41, 'ШОКО Сокол ремонт', 'на вывеске разбита "Ц" и частичо оторвался баннер "Завтраки-ланчи".\r\nна 24.08 - банер отремонтирован\r\nбуква - демонтирована на ремонт', NULL, NULL, NULL, NULL, NULL, NULL, NULL, NULL, '2009-08-24', '2009-08-27', NULL, NULL, '2009-08-19 15:18:29', 10),
(42, 'ШОКО тверская 7 (гарантийный ремонт)', 'замена ламп в таблетках и лайт боксах с завтраками и ланчами в витринах.\r\nПО ГАРАНТИИ', NULL, NULL, NULL, NULL, NULL, NULL, NULL, NULL, '2009-08-26', '2009-09-01', NULL, NULL, '2009-08-20 13:17:00', 10),
(43, 'ШОКО пр.мира 29 ВАБИ САБИ', '1.1.2. не световой композитный короб - подложка ВАБИ САБИ 9300х1000 мм\r\n1.1.3. объемные светодиодные буквы и короб ВАБИ САБИ\r\n1.1.7. лайтбокс 960х2500 мм', '2009-08-26', '2009-08-27', '2009-08-31', '2009-08-31', NULL, NULL, NULL, NULL, '2009-09-01', '2009-09-01', 182396, NULL, '2009-08-20 13:29:38', 10),
(44, 'ШОКО пр.мира 29 Щок-ца', '1.1.1. козырек световой 3200х1000 мм, вынос от стены 700 мм;\r\n1.1.4. не световой композитный короб - подложка Шоколадница 9950х1000 \r\n1.1.5. объемные светодиодные буквы и фигуры Шоколадница;\r\n1.1.6. объемные  буквы с контражуром Кофейня;', '2009-09-08', NULL, '2009-08-14', NULL, NULL, NULL, NULL, NULL, '2009-10-15', NULL, NULL, NULL, '2009-08-20 13:34:05', 10),
(45, 'ШОКО  г.Хабаровск, ул. Салтыкова-Щедрина, 64а', '2.09. приедут забирать !!!!!!!!!!!! \r\nизготовление элементов наружного рекламного оформления \r\n•Композитный короб не световой, 9000х1000 мм\r\n•Объемные светодиодные буквы «Ш, К,И,Ц», h= 650 мм\r\n•Объемные светодиодные буквы «о,о,л,а,д,н,а», h= 500 мм\r\n•Световые элементы (кофейные зерна, чашки), 1 комплект\r\n•Круглый световой  короб, 1 шт.', '2009-08-26', '2009-08-31', '2009-08-27', NULL, NULL, NULL, NULL, NULL, '2009-09-01', '2009-09-01', 132715, NULL, '2009-08-20 13:43:42', 10),
(46, 'М-ВИДЕО№20 Щёлковское ш. д.100 кор.101,104,1А', 'Лампокомплекты -700\nБанер- 160\nМонтаж 5 чел. х 7 дней  -280\nКомплектующие', NULL, NULL, NULL, NULL, NULL, NULL, NULL, NULL, '2009-09-28', NULL, 497900, NULL, '2009-08-20 13:57:04', 10),
(47, 'М-ВИДЕО №24 Ул.Народного Ополчения, д.28 к.1', 'Лампокомплекты -600\r\nБанер- 45\r\nМонтаж 4 чел. х 4 дня - 128\r\nКомплектующие', NULL, NULL, NULL, NULL, NULL, NULL, NULL, NULL, '2009-09-28', NULL, 307340, NULL, '2009-08-20 13:57:09', 10),
(48, 'М-ВИДЕО№11 Чонгарский б-р, д.3', 'Лампокомплект - 204 шт.\r\nтрансформатор - 1 шт.\r\nстратоскоп -3шт.\r\nвышка - 1 день\r\nмонтаж 4 человека 3 дня.', NULL, NULL, NULL, NULL, '2009-08-26', NULL, NULL, NULL, '2009-08-26', '2009-09-02', 85820, NULL, '2009-08-20 13:57:14', 10),
(49, 'М-ВИДЕО  Ул. Измайловский вал, д.3, стр.1', NULL, NULL, NULL, NULL, NULL, NULL, NULL, NULL, NULL, '2009-08-20', '2009-08-19', 191135, NULL, '2009-08-20 13:57:18', 10),
(50, 'М-ВИДЕО  Ул. Б.Черкизовская, д.1', NULL, NULL, NULL, NULL, NULL, NULL, NULL, NULL, NULL, '2009-08-20', '2009-08-19', 93870, NULL, '2009-08-20 13:57:23', 10),
(54, 'Техносила, г.Владимир, ул.Б.Нижегородская, 88', 'Вертикальный ПК, 6000х1500х300 мм - банерный, \r\nПК-лого, 3000х1240х300 мм - полистирол.', NULL, NULL, NULL, NULL, NULL, NULL, NULL, NULL, '2009-09-30', NULL, 145000, NULL, '2009-08-24 11:24:00', 1),
(55, 'ТЕРВОЛ Арбат', 'не горит вывеска "ТЕРВОЛ"', NULL, NULL, NULL, NULL, NULL, NULL, NULL, NULL, '2009-09-04', '2009-09-01', NULL, NULL, '2009-08-24 15:27:48', 10),
(56, 'ТЕРВОЛ Ленинградское ш,д.15', 'замыкает вывеска', NULL, NULL, NULL, NULL, NULL, NULL, NULL, NULL, '2009-09-04', '2009-08-26', NULL, NULL, '2009-08-24 15:30:20', 10),
(58, 'ШОКО краснопрудная 3-5', '(замена газосветной (неоновой) подсветки на светодиодную в круглом световом коробе,  изготовление открытой светодиодной надписи "24 часа" на лицевой поверхности короба), расположенного по адресу: г.Москва, ул. Краснопрудная д.3-5.', NULL, NULL, NULL, NULL, NULL, NULL, NULL, '2009-09-02', '2009-08-31', '2009-09-01', NULL, NULL, '2009-08-25 22:18:12', 10),
(61, 'Денстрой, ул.Рябиновая', NULL, NULL, NULL, NULL, NULL, NULL, NULL, NULL, NULL, '2009-08-30', '2009-08-30', 30000, NULL, '2009-08-26 18:15:11', 1),
(63, 'Флекс-Про, демонтаж кафе', NULL, NULL, NULL, NULL, NULL, NULL, NULL, NULL, NULL, NULL, NULL, 45000, NULL, '2009-08-26 18:20:54', 1),
(64, 'С7, третье транпортное кольцо', NULL, NULL, NULL, NULL, NULL, NULL, NULL, NULL, NULL, '2009-09-30', NULL, NULL, NULL, '2009-08-26 18:23:28', 1),
(65, 'пивоварня,Нахабино', 'Монтаж баннера 15*2.0,осмотр электрики', NULL, NULL, NULL, NULL, '2009-08-26', NULL, '2009-08-26', NULL, '2009-08-26', '2009-08-26', 20000, NULL, '2009-08-26 21:18:44', 9),
(67, 'Ленинградское шоссе,ТЦ Гранд', 'Демонтаж 2х палаток 10*10м и полов.Аккуратное складирование на\r\nместе.', NULL, NULL, NULL, NULL, '2009-08-29', NULL, '2009-08-29', NULL, '2009-08-29', NULL, 25000, NULL, '2009-08-26 21:39:37', 9),
(68, 'M-ВИДЕО №29 ул.Садовая-Спасская,д.3,стр.3', 'установить прибор для автоматического включения и выключения\r\nнаружной рекламы и вывески на магазине.(опл. по факту)', NULL, NULL, NULL, NULL, NULL, NULL, NULL, '2009-09-02', '2009-09-01', '2009-09-02', NULL, NULL, '2009-08-26 23:37:45', 10),
(69, 'ТЕХНО Мытищи тц красный кит Шараповский пр-д, д. 2', 'ждём заявку на работы по замене ламп в лайтбоксах', NULL, NULL, NULL, NULL, NULL, NULL, NULL, '2009-09-04', '2009-09-03', '2009-09-04', NULL, NULL, '2009-08-27 13:19:11', 10),
(70, 'ТЕРВОЛИНА Ломоносовский пр-т,23 ДЕМОНТАЖ!!!!', 'ДЕМОНТАЖ ВЫВЕСКИ. ТРАНСПОРТИРОВКА НА СКЛАД ТЕРВОЛИНА "РЯЗАНКА"', NULL, NULL, NULL, NULL, NULL, NULL, NULL, NULL, '2009-08-28', '2009-08-28', 21000, NULL, '2009-08-27 13:23:08', 10),
(72, 'ШОКО Маросейка 3,13', 'таблетка сделана не нами!!!\r\nЗаказ уточняется', NULL, NULL, NULL, NULL, NULL, '2009-09-15', NULL, NULL, '2009-09-30', NULL, NULL, NULL, '2009-08-28 19:09:31', 10),
(73, 'ТЕРВОЛ ул.Кировоградская, вл.9, корп.2', 'На вывеске в слове \\\\\\"Терволина\\\\\\" не горит  \\\\\\"ОЛИНА\\\\\\"\r\nна 1.09.09 ремонт трубки', NULL, NULL, NULL, NULL, NULL, NULL, NULL, '2009-09-05', '2009-09-05', '2009-09-05', NULL, NULL, '2009-08-30 00:07:34', 10),
(74, 'ТЕРВОЛ Бауманская', 'Изготовление и монтаж банеров 12200 х 1000 мм, \r\n15500x1000 мм.(3шт.) без рам', NULL, NULL, NULL, NULL, NULL, NULL, NULL, NULL, '2009-09-02', NULL, NULL, NULL, '2009-08-31 00:00:52', 10),
(75, 'ТЕРВОЛ земляной вал', 'ДЕМОНТАЖ ВЫВЕСКИ!!!!!', NULL, NULL, NULL, NULL, NULL, NULL, NULL, NULL, '2009-08-31', '2009-09-01', 15000, NULL, '2009-08-31 13:50:45', 10),
(76, 'ШОКО -н  «ВАБИСАБИ», ТЦ Капитолий  проспект Вернадского, 6.', 'Широкоформатная полноцветная печать на баннерной ткани - качество печати 360 dpi 1820*8000\r\nДоставка изделий, монтаж\r\nСпецтехника, автовышка 10 часов', NULL, NULL, NULL, NULL, '2009-09-11', '2009-09-11', '2009-09-11', '2009-09-11', '2009-09-11', '2009-09-11', NULL, NULL, '2009-08-31 15:58:54', 10),
(77, 'ШОКО Серпуховская Б. ул., д. 12/11, стр. 2', 'демонтировать таблетку,(демонтаж осущ. 1.09.09)\r\nоценить возможность переделки на светодиоды, с последующим монтажем  в Сокольники (Сокольническая пл. 4а). 8-910-495-37-56 Дмитрий -управляющий.', NULL, NULL, NULL, NULL, '2009-09-28', NULL, '2009-09-28', NULL, '2009-09-28', NULL, NULL, NULL, '2009-08-31 16:21:50', 10),
(78, 'ШОКО Севастопольский пр-кт 11Е', 'Банер на каркасе 6700х1000 мм	2 шт.\r\nПодсветка - 10 гал.светильников, 100 Вт, на кронштейнах	10шт.\r\nМонтаж, включая круглый световой короб. (таблетка находится на складе Н.Масловке,14) Макеты у Саши.', NULL, NULL, NULL, NULL, '2009-09-11', '2009-09-11', '2009-09-17', '2009-09-17', '2009-09-11', '2009-09-22', 41000, NULL, '2009-09-01 13:57:02', 10),
(79, 'ТЕРВОЛ мытищи ТЦ Перловский, ул.Селезнева, д.33', 'На вывеске  не горит слово   "САЛОН" (с 28 агуста)', NULL, NULL, NULL, NULL, NULL, NULL, NULL, NULL, '2009-09-06', '2009-09-03', NULL, NULL, '2009-09-01 15:26:07', 10),
(80, 'Мосмарт (дмитровское шоссе), Мебельград', 'монтаж наклеек 0,81*0,61 - 18шт. производить в ночь с 08/09 по 09/09\r\nмонтаж наклеек 0,61*1,13 - 6шт\r\nмонтаж баннера 6,9*4,5м\\"Мебельград\\" - днем 09/09', NULL, NULL, NULL, NULL, '2009-09-09', '2009-09-09', '2009-09-09', '2009-09-09', '2009-09-09', '2009-09-09', NULL, NULL, '2009-09-02 12:57:31', 16),
(81, 'ТЕРВОЛ  Б.Семеновская,27 корп.1 демонтаж', 'ДЕМОНТАЖ!!', NULL, NULL, NULL, NULL, NULL, NULL, NULL, NULL, '2009-09-30', NULL, NULL, NULL, '2009-09-02 14:05:05', 10),
(82, 'ШОКО Земляной Вал', 'ДЕМОНТАЖ БАНЕРА !!!!!', NULL, NULL, NULL, NULL, NULL, NULL, NULL, NULL, '2009-09-04', '2009-09-04', NULL, NULL, '2009-09-02 14:32:04', 10),
(83, 'ТЕРВОЛ г.Воскресенск ТЦ Воскресенск', 'не горят буквы ИНА.!!!!! время ремонта с 13.00-18.00\r\nКонтакты директора:\r\nг.Воскресенск Горбачев А.А.\r\n> тел. 8-495-221-89-15\r\n> моб. 8-909-906-61-46', NULL, NULL, NULL, NULL, NULL, NULL, NULL, NULL, '2009-09-07', '2009-09-07', NULL, NULL, '2009-09-04 19:29:44', 10),
(84, 'ШОКО Пл. Киевского вокзала, д. 2, ТЦ \\\\\\"Европейский\\\\\\", 2-й эт.', 'В слове кофейня не горят 3 последние буквы. \\\\\\" ЙНЯ\\\\\\"\r\nТел. в кофейне 8-910-495-54-65 \r\nДиректор Мурашов Константин (тел. 8-905-507-74-50)', NULL, NULL, NULL, NULL, NULL, NULL, NULL, NULL, '2009-09-08', '2009-09-14', NULL, NULL, '2009-09-04 19:38:50', 10),
(85, 'ШОКО р-н Ново-Переделкино, Боровское ш., д. 36А', 'Нужно произвести комплексный ремонт вывески. \r\nФактически полностью заменит вывеску. Новую вывеску сделать на светодиодах.\r\n8.09 -Во время обследования нужно закрепить все фрагменты. Чтобы ни чего не упало и никого не покалечило.\r\n8-916-499-97-58 - точка\r\n8-916-705-87-68 – Директор Халинева Елена', NULL, NULL, NULL, NULL, NULL, NULL, NULL, NULL, '2009-09-07', '2009-09-07', NULL, NULL, '2009-09-04 19:42:18', 10),
(86, 'ШОКО Домодедово (зона вылета)', 'Нужно обклеить стекло\r\nДиректор Раджабова Кусума (тел 8-903-570-59-30)', NULL, NULL, NULL, NULL, '2009-09-09', '2009-09-09', '2009-09-09', '2009-09-09', '2009-09-10', '2009-09-09', NULL, NULL, '2009-09-04 19:46:02', 10),
(87, 'ШОКО ул. Авиамоторная, 41Б', 'Акриловое стекло 10 мм,. 2000х3000 мм\r\nФрезеровка, 55 м\r\nПечать на пленке, 720 точек, 24 кв.м\r\nДоставка изделий, монтаж', NULL, NULL, NULL, NULL, '2009-09-17', '2009-09-17', '2009-09-17', '2009-09-18', '2009-09-17', '2009-09-18', 88000, NULL, '2009-09-06 13:44:10', 10),
(88, 'ШОКО Москва, Климентовский переулок  д.10', 'Монтаж: 3 чел 3 часа \nБанер на каркасе 11750х1200 мм   нет файла на печать!!!\nФАЙЛЫ ОТПРАВЛЕНЫ ПОВТОРНО', NULL, NULL, NULL, NULL, NULL, NULL, '2009-09-24', NULL, '2009-09-24', NULL, NULL, NULL, '2009-09-06 13:46:30', 10),
(89, 'ШОКО Рублевка 22', 'поменять баннер ко Дню города на Завтраки-ланчи', NULL, NULL, NULL, NULL, NULL, NULL, NULL, '2009-09-09', '2009-09-08', '2009-09-09', NULL, NULL, '2009-09-06 13:51:06', 10),
(90, 'ШОКО Бауманская,33', 'Нужно повесить баннер сверху над вывеской, \r\nслева от проводов троллейбуса.\r\nБанер на объекте.', NULL, NULL, NULL, NULL, '2009-09-15', '2009-09-15', '2009-09-15', '2009-09-15', '2009-09-15', '2009-09-15', NULL, NULL, '2009-09-06 13:53:02', 10),
(91, 'ТЕХНО г.Рязань .Есенина, 13', 'Переделка и монтаж короба HIFI,20000х800 мм	1\r\nПояс брендов (новый 54 кв.м)	54 кв.м\r\nЗона кредита 12000х3500 мм	42 кв.м\r\nЗона проверки 8000х3500 мм	28 кв.м\r\nПояс брендов в зоне HIFI, 22000х300 мм	6,6 кв.м\r\nСмена навигации	70 кв.м', NULL, NULL, NULL, NULL, NULL, NULL, NULL, NULL, '2009-09-19', NULL, NULL, NULL, '2009-09-06 14:08:44', 10),
(92, 'ТЕХНО Гвоздь-1', 'на Гвозде - 1 погасла вывеска, прошу отправить электрика для устранения неполадок.', NULL, NULL, NULL, NULL, NULL, NULL, NULL, NULL, '2009-09-11', '2009-09-08', NULL, NULL, '2009-09-07 12:38:03', 10),
(93, 'ШОКО .Долгопрудный ул. Первомайская д 50', 'Не горит реклама шоколадница.\r\nконтакт магазина Калошина О.А. 8 926 0678791', NULL, NULL, NULL, NULL, '2009-09-11', '2009-09-11', '2009-09-11', '2009-09-11', '2009-09-09', '2009-09-11', NULL, NULL, '2009-09-07 12:41:25', 10),
(94, 'ШОКО TЦ \\\\\\\\\\\\\\"Звездочка\\\\\\\\\\\\\\"', 'РЕМОНТ ВЫВЕСКИ.нескольких неработающих ламп в вывеске\r\nГладков Юрий \r\nИсп.директор кофейни \\\\\\"Шоколадница\\\\\\" TЦ \\\\\\"Звездочка\\\\\\" \r\nТел.: (495) 912 43 93, (495) 502 99 24 \r\nМоб.: +7(905) 701 30 05, +7 (926) 073 36 85', NULL, NULL, NULL, NULL, NULL, NULL, NULL, NULL, '2009-09-10', '2009-09-11', NULL, NULL, '2009-09-07 12:43:19', 10),
(95, 'ШОКО ул. Проспект Мира, д. 97', 'перегорела подсветка в вывеске и козырьке над дверью\r\nтел. 615-41-38\r\nмоб. 8-926-283-50-59\r\nДиректор Марченко Юлия', NULL, NULL, NULL, NULL, NULL, NULL, NULL, NULL, '2009-09-12', '2009-09-11', NULL, NULL, '2009-09-07 12:45:21', 10),
(97, 'ТЕРВОЛ Войковская', 'при включении вывески через какое то время вырубает свет во всем салоне и отключается вывеска, рубильник для подключения электроэнергии  в данный салон расположен в соседнем магазине.\r\nна 14 сент. - частичный ремонт', NULL, NULL, NULL, NULL, '2009-09-14', '2009-09-14', '2009-09-16', '2009-09-16', '2009-09-12', '2009-09-16', NULL, NULL, '2009-09-07 17:08:35', 10),
(98, 'ТЕРВОЛ Отрадное', 'В слове \\\\\\"ТЕРВОЛИНА\\\\\\" не горят 2 буквы \\\\\\"ЛИ\\\\\\".', NULL, NULL, NULL, NULL, NULL, NULL, NULL, NULL, '2009-09-12', '2009-09-14', NULL, NULL, '2009-09-07 17:09:52', 10),
(99, 'М-видео  г. Владимир,  (ОТК \\"Тандем\\") ул. Куйбышева, 24 \\\\\\"А\\\\\\",', 'Замена банеров в  г. Владимир, ТЦ \\\\\\\\\\\\\\\\\\\\\\\\\\\\\\"Тракт\\\\\\\\\\\\\\\\\\\\\\\\\\\\\\"  (ОТК \\\\\\\\\\\\\\\\\\\\\\\\\\\\\\"Тандем\\\\\\\\\\\\\\\\\\\\\\\\\\\\\\") ул. Куйбышева, 24 \\\\\\\\\\\\\\\\\\\\\\\\\\\\\\"А\\\\\\\\\\\\\\\\\\\\\\\\\\\\\\",\nна стеле и на фасаде.', NULL, NULL, NULL, NULL, NULL, NULL, NULL, NULL, '2009-09-25', NULL, NULL, NULL, '2009-09-08 13:16:20', 10),
(100, 'ТЕРВОЛ Профсоюзная', 'НА 09.09. - СНЯТЬ РАЗМЕРЫ!!!!\r\nнужно завесить полосатый фасад баннером с рисунком кирпичей', NULL, NULL, NULL, NULL, NULL, NULL, NULL, NULL, '2009-09-30', NULL, NULL, NULL, '2009-09-08 23:33:37', 10),
(101, '5 авеню', 'монтаж поликарбоната 0,8*3,5м', NULL, NULL, NULL, NULL, '2009-09-16', '2009-09-16', '2009-09-16', '2009-09-16', '2009-09-11', '2009-09-16', NULL, NULL, '2009-09-09 15:59:48', 16),
(102, 'ТЕРВОЛ Каховка, д.29А ТЦ \\\\\\\\\\\\\\"Принц\\\\\\\\\\\\\\"', 'ложный вызов', NULL, NULL, NULL, NULL, '2009-09-15', '2009-09-15', '2009-09-15', '2009-09-15', '2009-09-15', '2009-09-15', NULL, NULL, '2009-09-09 16:35:06', 10),
(103, 'ТЕРВОЛ ул.Фестивальная, д.13, корп.1', 'На вывеске в слове \\\\\\\\\\\\\\\\\\\\\\\\\\\\\\\\\\\\\\\\\\\\\\\\\\\\\\\\\\\\\\\\\\\\\\\\\\\\\\\\\\\\\\\\\\\\\\\\\\\\\\\\\\\\\\\\\\\\\\\\\\\\\\\\\\\\\\\\\\\\\\\\\\\\\\\\\\\\\\\\\\\\\\\\\\\\\\\\\\\\\\\\\\\\\\\\\\\\\\\\\\\\\\\\\\\\\\\\\\\\\\\\\\\\\\\\\\\\\\\\\\\\\\\\\\\\\\"Терволина\\\\\\\\\\\\\\\\\\\\\\\\\\\\\\\\\\\\\\\\\\\\\\\\\\\\\\\\\\\\\\\\\\\\\\\\\\\\\\\\\\\\\\\\\\\\\\\\\\\\\\\\\\\\\\\\\\\\\\\\\\\\\\\\\\\\\\\\\\\\\\\\\\\\\\\\\\\\\\\\\\\\\\\\\\\\\\\\\\\\\\\\\\\\\\\\\\\\\\\\\\\\\\\\\\\\\\\\\\\\\\\\\\\\\\\\\\\\\\\\\\\\\\\\\\\\\\" не горят буквы      изготовление неона', NULL, NULL, NULL, NULL, '2009-09-16', '2021-04-09', '2009-09-15', '2009-09-22', '2009-09-25', '2009-09-22', NULL, NULL, '2009-09-09 16:37:19', 10),
(104, 'ТЕРВОЛ Нахимовский пр-т', 'изготовление неона', NULL, NULL, NULL, NULL, '2009-09-15', '2009-09-15', '2009-09-21', '2009-09-22', '2009-09-25', '2009-09-22', NULL, NULL, '2009-09-09 16:38:49', 10),
(105, 'ТЕРВОЛ г.Реутов, Носовихинское шоссе, мкр.8, д.9', 'На вывеске в слове \\\\\\"ОБУВИ\\\\\\\\\\\\\\" не горят две буквы \\\\\\"ОБ\\\\\\\\', NULL, NULL, NULL, NULL, '2009-09-15', '2009-09-15', '2009-09-21', '2009-09-23', '2009-09-21', '2009-09-23', NULL, NULL, '2009-09-09 16:40:18', 10),
(106, 'ТЕРВОЛИ Мытищи ТЦ Перловский', 'не горит вывеска', NULL, NULL, NULL, NULL, NULL, NULL, NULL, NULL, '2009-09-11', '2009-09-14', NULL, NULL, '2009-09-10 15:11:39', 10),
(107, 'ТЕРВОЛ Новослободская, д.34/2', 'В слове \\\\\\\\\\\\\\\\\\\\\\\\\\\\\\\\\\\\\\\\\\\\\\\\\\\\\\\\\\\\\\\\\\\\\\\\\\\\\\\\\\\\\\\\\\\\\\\\\\\\\\\\\\\\\\\\\\\\\\\\\\\\\\"Терволина\\\\\\\\\\\\\\\\\\\\\\\\\\\\\\\\\\\\\\\\\\\\\\\\\\\\\\\\\\\\\\\\\\\\\\\\\\\\\\\\\\\\\\\\\\\\\\\\\\\\\\\\\\\\\\\\\\\\\\\\\\\\\\" не горит \\\\\\\\\\\\\\\\\\\\\\\\\\\\\\\\\\\\\\\\\\\\\\\\\\\\\\\\\\\\\\\\\\\\\\\\\\\\\\\\\\\\\\\\\\\\\\\\\\\\\\\\\\\\\\\\\\\\\\\\\\\\\\"ТЕРВ\\\\\\\\\\\\\\\\\\\\\\\\\\\\\\\\\\\\\\\\\\\\\\\\\\\\\\\\\\\\\\\\\\\\\\\\\\\\\\\\\\\\\\\\\\\\\\\\\\\\\\\\\\\\\\\\\\\\\\\\\\\\\\"    необходимо изготовить неон', NULL, NULL, NULL, NULL, '2009-09-17', '2009-09-17', '2009-09-21', '2009-09-23', '2009-09-25', '2009-09-23', NULL, NULL, '2009-09-10 21:38:58', 10),
(108, 'ШОКО Тверская 7,', 'доп.заявка . Не горят таблетки (требуется замена ламп)\r\nтел. 8-499-504-22-01\r\nДиректор Трофимчук Александр\r\nтел. 8-916-671-95-45', NULL, NULL, NULL, NULL, '2009-09-24', '2009-09-24', '2009-09-29', NULL, '2009-09-29', NULL, NULL, NULL, '2009-09-11 13:31:49', 10),
(109, 'ШОКО севастопольский проспект, д.11, стр. 7', 'замена неоновой трубы в наружной вывеске кофейни «ШОКОЛАДНИЦА» \r\nРАМСТОР Севастопольский в букве «Ш» и «О».\r\nДиректор Майлатова Анна\r\nтел. 960-24-11\r\nтел. 8-926-253-63-60', NULL, NULL, NULL, NULL, '2009-09-22', NULL, '2009-09-22', NULL, '2009-09-16', '2009-09-22', NULL, NULL, '2009-09-11 13:33:20', 10),
(110, 'ТЕХНО Монтажная', 'На воротах на Монтажной лопнула пленка, прошу вас срочно восстановить изображение\r\nменеджер по рекламе \r\nБородин Роман\r\nТел. 984-50-44\r\nТел. 984-50-40, доб. 253', NULL, NULL, NULL, NULL, '2009-09-17', '2009-09-17', '2009-09-17', '2009-09-17', '2009-09-18', '2009-09-17', 4000, NULL, '2009-09-11 14:29:49', 10),
(111, 'шоко рублевка 22 г-а', 'поменять баннер на завтраки-ланчи\r\nнужен новый файл без ланчей', NULL, NULL, NULL, NULL, '2009-09-28', '2009-09-28', '2009-09-28', NULL, '2009-09-28', NULL, NULL, NULL, '2009-09-14 16:57:06', 10),
(112, 'М.ВИДЕО  Москва  №16', 'произвести ремонт (фото на почте)    где это?  Ул. Люблинская, д.169', NULL, NULL, NULL, NULL, NULL, NULL, NULL, NULL, '2009-09-23', '2009-09-22', NULL, NULL, '2009-09-17 15:33:12', 10),
(113, 'Шоколадница  Перово, Зеленый пр-т. 22', 'не работают обе вывески (центральная и боковая).\r\nДиффавтомат при попытке включения сразу отключается\r\nЖолудев Дмитрий\r\nисп. директор кофейни\r\n\\\\\\\\\\\\\\\\\\\\\\\\\\\\\\"Шоколадница\\\\\\\\\\\\\\\\\\\\\\\\\\\\\\" Перово\r\nТел. 9168526                    проблема с выводом на рекламу,автомат срабатывает без подключения к вывеске!', NULL, NULL, NULL, NULL, NULL, '2009-09-21', NULL, '2009-09-21', '2009-09-25', '2009-09-21', NULL, NULL, '2009-09-17 15:47:36', 10),
(114, 'ШОКО Мега Белая Дача-1  М.О.Люберецкий р-н,г.Котельники, 1-ый Покровский пр-зд, д.5)', 'в очередной раз перегорели буквы \\\\\\\\\\\\\\\\\\\\\\\\\\\\\\"АД\\\\\\\\\\\\\\\\\\\\\\\\\\\\\\" на рекламной вывеске \\\\\\\\\\\\\\\\\\\\\\\\\\\\\\"Шоколадница\\\\\\\\\\\\\\\\\\\\\\\\\\\\\\"\r\nработы производятся строго до 9-30 утра\r\nдиректор Нина\r\nТел. 961-22-17/18, 8-916-164-98-28', NULL, NULL, NULL, NULL, NULL, '2009-09-25', NULL, NULL, '2009-09-25', NULL, NULL, NULL, '2009-09-17 15:48:45', 10),
(115, 'ШОКО Мега Белая Дача-2  (М.О.Люберецкий р-н,г.Котельники, 1-ый Покровский пр-зд, д.1)', 'Перегорели часть люминсцентых ламп. Нужно заменить\r\nДиректор Фроленкова Елена\r\nТел. 545-37-10/11, 8-906-098-61-70', NULL, NULL, NULL, NULL, NULL, '2009-09-25', NULL, NULL, '2009-09-25', NULL, NULL, NULL, '2009-09-17 15:50:03', 10),
(116, 'Шоколадница', 'накатка пленки на машины', NULL, NULL, NULL, NULL, '2009-09-21', NULL, '2009-09-30', NULL, '2009-09-30', NULL, NULL, NULL, '2009-09-18 11:36:59', 16),
(117, 'ШОКО г. Балашиха, ТЦ \\\\\\\\\\\\\\"Вертикаль\\\\\\\\\\\\\\", ул. Шоссе Энтузиастов, д. 36А', 'Необходим ремонт большой вывески шоколадница, а именно буквы Н и Ц.\r\nИсп.Д. Тихоненко Дмитрий\r\n721-86-71,\r\n8-926-452-52-14', NULL, NULL, NULL, NULL, '2009-09-23', '2009-09-23', '2009-09-23', '2009-09-23', '2009-09-25', '2009-09-23', NULL, NULL, '2009-09-18 15:48:56', 10),
(118, 'ТЕХНО Гвоздь-1', 'узо замена+\r\n1 выезд был (диагностика)', NULL, NULL, NULL, NULL, NULL, NULL, NULL, NULL, '2009-09-29', NULL, NULL, NULL, '2009-09-22 20:43:04', 10),
(120, 'ШОКО Комсомольский пр-т,29', 'На объекте Комсомольский пр-т,29 перегорела лампа на вывеске ( палочка на букве \\"Ш\\".\r\nСаврилова Нина\r\nИсполнительный директор\r\nТел.: 8-926-496-15-86 (моб.)\r\nТел.: 8-499-242-35-22 (раб.)', NULL, NULL, NULL, NULL, NULL, NULL, NULL, NULL, '2009-09-30', NULL, NULL, NULL, '2009-09-22 21:14:48', 10),
(121, 'М.ВИДЕО №53 Рязанский пр., д. 28 стр.1 ТЦ \\\\\\"Перекресток\\\\\\"', '23.09 - Диагностика \r\n24.09 - Диагностика вышка', NULL, NULL, NULL, NULL, NULL, NULL, NULL, NULL, '2009-09-30', NULL, NULL, NULL, '2009-09-23 12:29:52', 10),
(122, 'ШОКО Мытищи XL  Коммунистическая ул., 1', 'изготовление, доставка и монтаж: баннера на раме «ЛАНЧИ ЗАВТРАКИ»(2600*1130мм); баннера на раме «ЛЕГЕНДЫ» (2200*1570мм); подсветки 5 (пятью) гал. светильниками на кронштейнах', NULL, NULL, NULL, NULL, NULL, NULL, NULL, NULL, '2009-10-08', NULL, 18320, NULL, '2009-09-23 18:42:34', 10),
(124, 'ШОКО ТЦ Звездочка', 'Не горят буквы (ПОВТОРНАЯ ЗАЯВКА)\r\n> Исп.директор кофейни \\"Шоколадница\\" TЦ \\"Звездочка\\" \r\n> Тел.: (495) 912 43 93, (495) 502 99 24 \r\n> Моб.: +7(905) 701 30 05, +7 (926) 073 36 85 \r\n> e-mail: shoko-82@shoko.ru', NULL, NULL, NULL, NULL, NULL, NULL, NULL, NULL, '2009-09-28', NULL, NULL, NULL, '2009-09-24 14:35:31', 10),
(125, 'М-ВИДЕО Б.Черемушкинская д.1 №45', NULL, NULL, NULL, NULL, NULL, NULL, NULL, NULL, NULL, '2009-09-30', NULL, NULL, NULL, '2009-09-25 14:35:49', 10),
(126, 'МВИДЕО №51  Новокосинcкая ул., вл. 14', 'на рекламной вывеске с фасада здания не горит множество ламп\r\nкомендант маг.51\r\nКорсунов Алексей, тел.6051105,м.т. 8-903-181-33-12', NULL, NULL, NULL, NULL, NULL, NULL, NULL, NULL, '2009-09-30', NULL, NULL, NULL, '2009-09-25 14:48:49', 10),
(127, 'ШОКО р-н Ново-Переделкино, Боровское ш., д. 36А', 'Демонтаж 2-х комплектов букв «ШОКОЛАДНИЦА»\r\nИзготовление светодиодной подсветки в буквы высотой 1000 мм, \\"Шоколадница\\", 2(два) комплекта \r\n. 8-916-499-97-58 - точка 8-916-705-87-68 – Директор Халинева Елена', NULL, NULL, NULL, NULL, NULL, NULL, NULL, NULL, '2009-10-05', NULL, NULL, NULL, '2009-09-25 19:11:11', 10);

-- --------------------------------------------------------

-- 
-- Структура таблицы `orders_subcontractors`
-- 
-- Создание: Сен 17 2009 г., 19:31
-- 

DROP TABLE IF EXISTS `orders_subcontractors`;
CREATE TABLE IF NOT EXISTS `orders_subcontractors` (
  `order_id` int(11) unsigned NOT NULL,
  `subcontractor_id` int(11) unsigned NOT NULL,
  `success` tinyint(1) NOT NULL,
  `date` date NOT NULL,
  PRIMARY KEY  (`order_id`,`subcontractor_id`),
  KEY `order_id` (`order_id`),
  KEY `subcontractor_id` (`subcontractor_id`)
) ENGINE=InnoDB DEFAULT CHARSET=utf8;

-- 
-- Соотношения в таблице `orders_subcontractors`:
--   `order_id`
--       `orders` -> `id`
--   `subcontractor_id`
--       `subcontractors` -> `id`
-- 

-- 
-- Дамп данных таблицы `orders_subcontractors`
-- 

INSERT  INTO `orders_subcontractors` (`order_id`, `subcontractor_id`, `success`, `date`) VALUES (1, 1, 1, '0000-00-00'),
(1, 2, 1, '0000-00-00'),
(1, 3, 1, '2009-08-25'),
(1, 4, 0, '0000-00-00'),
(9, 8, 1, '0000-00-00'),
(16, 3, 1, '2009-08-25'),
(35, 9, 1, '0000-00-00');

-- --------------------------------------------------------

-- 
-- Структура таблицы `orders_suppliers`
-- 
-- Создание: Сен 17 2009 г., 19:31
-- 

DROP TABLE IF EXISTS `orders_suppliers`;
CREATE TABLE IF NOT EXISTS `orders_suppliers` (
  `order_id` int(11) unsigned NOT NULL,
  `supplier_id` int(11) unsigned NOT NULL,
  `success` tinyint(1) NOT NULL,
  `date` date NOT NULL,
  PRIMARY KEY  (`order_id`,`supplier_id`),
  KEY `order_id` (`order_id`),
  KEY `supplier_id` (`supplier_id`)
) ENGINE=InnoDB DEFAULT CHARSET=utf8;

-- 
-- Соотношения в таблице `orders_suppliers`:
--   `order_id`
--       `orders` -> `id`
--   `supplier_id`
--       `suppliers` -> `id`
-- 

-- 
-- Дамп данных таблицы `orders_suppliers`
-- 

INSERT  INTO `orders_suppliers` (`order_id`, `supplier_id`, `success`, `date`) VALUES (1, 3, 0, '0000-00-00'),
(1, 4, 0, '0000-00-00'),
(1, 5, 1, '0000-00-00'),
(1, 7, 0, '0000-00-00'),
(1, 8, 0, '0000-00-00'),
(1, 9, 0, '0000-00-00'),
(35, 6, 1, '2009-08-30'),
(39, 1, 1, '2009-08-30'),
(39, 6, 1, '2009-08-30');

-- --------------------------------------------------------

-- 
-- Структура таблицы `subcontractors`
-- 
-- Создание: Сен 17 2009 г., 19:31
-- 

DROP TABLE IF EXISTS `subcontractors`;
CREATE TABLE IF NOT EXISTS `subcontractors` (
  `id` int(10) unsigned NOT NULL auto_increment,
  `name` varchar(255) NOT NULL,
  `description` text NOT NULL,
  PRIMARY KEY  (`id`)
) ENGINE=InnoDB DEFAULT CHARSET=utf8 AUTO_INCREMENT=10 ;

-- 
-- Дамп данных таблицы `subcontractors`
-- 

INSERT  INTO `subcontractors` (`id`, `name`, `description`) VALUES (1, 'Денстрой', ''),
(2, 'ТопЛазер', ''),
(3, 'Фулпринт', ''),
(4, 'НеонЛист', ''),
(6, 'Светодиоды', ''),
(8, 'СпецстройТранс', 'Аренда спецтехники'),
(9, 'Почекутов', '');

-- --------------------------------------------------------

-- 
-- Структура таблицы `suppliers`
-- 
-- Создание: Сен 17 2009 г., 19:31
-- 

DROP TABLE IF EXISTS `suppliers`;
CREATE TABLE IF NOT EXISTS `suppliers` (
  `id` int(10) unsigned NOT NULL auto_increment,
  `name` varchar(255) NOT NULL,
  `description` text NOT NULL,
  PRIMARY KEY  (`id`)
) ENGINE=InnoDB DEFAULT CHARSET=utf8 AUTO_INCREMENT=10 ;

-- 
-- Дамп данных таблицы `suppliers`
-- 

INSERT  INTO `suppliers` (`id`, `name`, `description`) VALUES (1, 'Гельветика', ''),
(2, 'Химсырье', ''),
(3, 'Ремекс', ''),
(4, 'Билдекс', ''),
(5, 'Неон.Ру', ''),
(6, 'Металлсервис', ''),
(7, 'Краско', ''),
(8, 'Активмонтаж', ''),
(9, 'Рынок', '');

-- 
-- Constraints for dumped tables
-- 

-- 
-- Constraints for table `accounts`
-- 
ALTER TABLE `accounts`
  ADD CONSTRAINT `accounts_ibfk_1` FOREIGN KEY (`role_id`) REFERENCES `acl_roles` (`id`);

-- 
-- Constraints for table `acl_permissions`
-- 
ALTER TABLE `acl_permissions`
  ADD CONSTRAINT `acl_permissions_ibfk_1` FOREIGN KEY (`role_id`) REFERENCES `acl_roles` (`id`) ON DELETE CASCADE,
  ADD CONSTRAINT `acl_permissions_ibfk_2` FOREIGN KEY (`resource_id`) REFERENCES `acl_resources` (`id`) ON DELETE CASCADE;

-- 
-- Constraints for table `acl_resources`
-- 
ALTER TABLE `acl_resources`
  ADD CONSTRAINT `acl_resources_ibfk_1` FOREIGN KEY (`parent_id`) REFERENCES `acl_resources` (`id`) ON DELETE CASCADE;

-- 
-- Constraints for table `comments`
-- 
ALTER TABLE `comments`
  ADD CONSTRAINT `comments_ibfk_10` FOREIGN KEY (`parent_id`) REFERENCES `comments` (`id`) ON DELETE CASCADE,
  ADD CONSTRAINT `comments_ibfk_14` FOREIGN KEY (`creator_account_id`) REFERENCES `accounts` (`id`) ON DELETE CASCADE,
  ADD CONSTRAINT `comments_ibfk_15` FOREIGN KEY (`modified_account_id`) REFERENCES `accounts` (`id`) ON DELETE CASCADE,
  ADD CONSTRAINT `comments_ibfk_16` FOREIGN KEY (`notificated_account_id`) REFERENCES `accounts` (`id`) ON DELETE CASCADE;

-- 
-- Constraints for table `files`
-- 
ALTER TABLE `files`
  ADD CONSTRAINT `files_ibfk_1` FOREIGN KEY (`order_id`) REFERENCES `orders` (`id`) ON DELETE CASCADE;

-- 
-- Constraints for table `orders`
-- 
ALTER TABLE `orders`
  ADD CONSTRAINT `orders_ibfk_1` FOREIGN KEY (`creator_id`) REFERENCES `accounts` (`id`);

-- 
-- Constraints for table `orders_subcontractors`
-- 
ALTER TABLE `orders_subcontractors`
  ADD CONSTRAINT `orders_subcontractors_ibfk_1` FOREIGN KEY (`order_id`) REFERENCES `orders` (`id`) ON DELETE CASCADE,
  ADD CONSTRAINT `orders_subcontractors_ibfk_2` FOREIGN KEY (`subcontractor_id`) REFERENCES `subcontractors` (`id`) ON DELETE CASCADE;

-- 
-- Constraints for table `orders_suppliers`
-- 
ALTER TABLE `orders_suppliers`
  ADD CONSTRAINT `orders_suppliers_ibfk_1` FOREIGN KEY (`order_id`) REFERENCES `orders` (`id`) ON DELETE CASCADE,
  ADD CONSTRAINT `orders_suppliers_ibfk_2` FOREIGN KEY (`supplier_id`) REFERENCES `suppliers` (`id`) ON DELETE CASCADE;
